id;geschlecht;groesse_cm;gewicht_kg;seite_p3;seite_p4;seite_p5;seite_p6;seite_p7;seite_p8;seite_p9;seite_p10;seite_p11;seite_p12;seite_p13;seite_p14;ruecken_p3;ruecken_p4;ruecken_p5;ruecken_p6;ruecken_p7;ruecken_p8;ruecken_p9;ruecken_p10;ruecken_p11;ruecken_p12;ruecken_p13;ruecken_p14;vorschlag;final;korrektur;sr_mean;sr_max
M-001;w;165;105;20;28;26;25;27;31;35;37;35;30;27;24;11;17;23;22;26;32;34;33;23;16;16;15;AAKTTKAABKKKAAAALAAAALAA;AAKTTKAABKKKAAAALAAAALAA;0;6.6;14
M-002;w;165;83;32;25;24;22;23;29;35;35;29;23;14;17;17;20;21;21;25;33;35;28;17;13;11;11;AAKTTKABAKKAAAAALAAAALAA;AAKTTKABAKKAAAAALAAAALAA;0;5.7;15
M-003;m;176;85;14;18;26;24;23;21;19;23;26;27;23;18;4;10;16;25;25;20;17;19;26;29;20;15;AAKTTKKAALAKKAAALAAAALAA;AAKTTKKAALAKKAAALAAAALAA;0;3.8;10
M-004;w;175;65;14;23;19;15;17;17;23;30;28;24;17;14;7;12;18;15;15;17;26;28;20;14;12;11;AAKTKKAALAKKAAAALAAAALAA;AAKTKKAALAKKAAAALAAAALAA;0;4.3;11
M-005;m;180;84;16;35;31;25;22;18;22;29;33;27;20;15;9;15;22;25;23;17;18;27;29;20;15;13;AAKWTKKALAAKAAAALAAAALAA;AAKWTKKALAAKAAAALAAAALAA;0;5.2;20
M-006;m;180;83;12;32;34;26;21;18;20;25;30;29;24;20;7;14;22;21;17;16;23;27;24;18;15;13;AAKKKKAALAKAAAAALAAAALAA;AAKKKKAALAKAAAAALAAAALAA;0;7;18
M-007;w;169;66;10;16;24;24;21;17;18;25;30;33;25;18;12;10;13;19;18;14;15;19;24;25;19;15;AAKTKKAALAKKKAAALAAAALAA;AAKTKKAALAKKKAAALAAAALAA;0;5.2;11
M-008;m;183;99;17;32;34;31;28;24;26;38;40;39;25;16;10;17;25;25;23;21;23;31;28;27;17;13;AAKWTKKALAKKAAAALAAAALAA;AAKWTKKALAKKAAAALAAAALAA;0;7.5;15
M-009;w;167;51;11;17;15;16;15;15;15;27;33;23;14;12;9;11;14;20;17;14;14;19;20;15;13;12;AAKKKAAAAAAKAAAALAAAALAA;AAKKKAAAAAAKAAAALAAAALAA;0;3.9;13
M-010;w;169;93;20;27;20;27;24;25;33;36;34;28;19;14;17;25;28;24;21;28;35;32;22;16;14;12;AAKTTKAABKKKAAAALAAAALAA;AAKTTKAABKKKAAAALAAAALAA;0;4.9;12
M-011;w;171;48;16;20;15;15;15;14;21;25;25;18;15;12;10;13;16;18;15;14;20;23;17;12;12;10;AAKKKKAAAKKKAAAALAAAALAA;AAKKKKAAAKKKAAAALAAAALAA;0;3.3;8
M-012;m;180;89;14;18;23;31;25;19;17;16;15;16;17;18;11;19;24;28;24;20;27;27;22;15;14;12;AAKTKKLAKAAAAAAALAAAALAA;AAKTKKLAKAAAAAAALAAAALAA;0;4;11
M-013;w;172;75;16;20;20;20;19;19;30;37;33;23;18;17;8;15;20;19;17;17;27;25;19;15;15;14;AAKKKKAALAAAKKAALAAAALAA;AAKKKKAALAAAKKAALAAAALAA;0;5.1;14
M-014;m;180;95;16;28;30;26;26;22;24;28;34;35;25;21;8;18;27;29;25;18;21;29;31;26;17;13;AAKWTKKAALAKKAAALAAAALAA;AAKWTKKAALAKKAAALAAAALAA;0;5.1;10
M-015;w;155;65;15;27;27;22;20;23;31;32;29;23;16;15;14;18;19;18;23;29;33;25;14;10;10;11;AAKTTKALAKKKAAAALAAAALAA;AAKTTKALAKKKAAAALAAAALAA;0;6.5;15
M-016;w;172;90;10;22;29;31;33;28;26;32;40;36;23;14;8;11;21;29;30;24;19;25;33;30;21;15;AAKTTKAAABAKKAAALAAAALAA;AAKTTKAAABAKKAAALAAAALAA;0;5;11
M-017;m;182;133;16;33;38;35;35;35;35;38;41;34;27;22;11;18;25;26;29;29;36;38;37;29;19;16;AAKTKKKABAKAAAAALAAAALAA;AAKTKKKABAKAAAAALAAAALAA;0;6.5;15
M-018;w;163;91;18;29;31;26;29;44;52;40;23;16;15;13;9;19;30;35;40;49;52;34;16;11;10;10;AAKTTTKBAKAAAAAALAAAALAA;AAKTTTKBAKAAAAAALAAAALAA;0;5.9;11
M-019;m;189;82;15;28;25;21;22;22;24;33;40;36;22;15;11;17;22;25;22;20;22;27;24;20;16;13;AAKTKKKALAKAAAAALAAAALAA;AAKTKKKALAKAAAAALAAAALAA;0;6;16
M-020;w;170;70;10;23;24;22;20;17;22;27;29;30;21;15;7;13;18;19;16;15;23;29;24;17;14;12;AAKTKKAAALAKKAAALAAAALAA;AAKTKKAAALAKKAAALAAAALAA;0;4.9;13
M-021;w;180;81;11;31;35;31;25;21;20;27;32;33;25;17;7;13;19;23;22;18;20;23;23;19;15;13;AAKWTKKAALAKKAAALAAAALAA;AAKWTKKAALAKKAAALAAAALAA;0;7.8;18
M-022;m;183;93;15;35;31;31;27;23;24;29;30;24;17;16;8;17;25;30;25;22;25;28;27;22;16;13;AAKWTKKALAKKAAAALAAAALAA;AAKWTKKALAKKAAAALAAAALAA;0;3.8;18
M-023;w;165;67;12;24;23;21;18;22;32;33;28;18;13;12;8;13;17;21;18;17;24;23;20;15;13;12;AAKTKKAALAAKKAAALAAAALAA;AAKTKKAALAAKKAAALAAAALAA;0;4.6;11
M-024;w;177;64;15;19;19;17;16;18;27;29;27;20;15;12;9;14;20;16;16;18;25;21;14;12;12;11;AAKKKKAALAKKAAAALAAAALAA;AAKKKKAALAKKAAAALAAAALAA;0;4;13
M-025;m;198;115;22;33;38;34;36;30;31;34;33;33;27;23;13;23;36;30;27;24;30;35;30;28;19;15;AAKWTKKALAKAAAAALAAAALAA;AAKWTKKALAKAAAAALAAAALAA;0;5.5;10
M-026;w;173;101;9;20;33;31;27;24;26;33;36;38;33;21;7;12;18;26;27;24;24;28;27;27;20;16;AAKTTKAAABAKKKAALAAAALAA;AAKTTKAAABAKKKAALAAAALAA;0;6.3;15
M-027;w;188;95;6;26;36;35;32;26;26;34;39;32;23;17;8;16;22;28;26;21;24;34;32;23;16;13;AAKWTKKALAAKAAAALAAAALAA;AAKWTKKALAAKAAAALAAAALAA;0;6.1;14
M-028;w;168;68;12;24;22;24;20;17;19;23;29;28;20;16;7;12;16;22;18;15;19;23;25;18;15;13;AAKTKKAALAAKKAAALAAAALAA;AAKTKKAALAAKKAAALAAAALAA;0;4.3;12
M-029;m;193;125;21;37;33;30;28;28;29;33;41;46;35;24;10;18;24;27;26;23;26;39;33;31;22;17;AAKTKKKABAAKAAAALAAAALAA;AAKTKKKABAAKAAAALAAAALAA;0;8.4;19
M-030;w;180;110;30;28;25;25;27;34;37;39;36;28;19;18;15;23;22;22;24;31;35;31;22;17;14;12;AAKTTKAABKKKAAAALAAAALAA;AAKTTKAABKKKAAAALAAAALAA;0;6.5;15
M-031;m;184;140;29;33;35;38;38;38;42;40;44;35;26;20;19;33;37;38;32;32;41;38;27;25;16;13;AAKWTKKABAAKAAAALAAAALAA;AAKWTKKABAAKAAAALAAAALAA;0;5.9;17